"","model1","model2","model3","cause","place"
"1",2776.31986474991,2776.79171228409,2778.78764343262,"cancer_uc_ma","Texas"
