"","model1","model2","model3","cause","place"
"1",2815.92994099855,2816.91179546714,2813.57260289788,"ihd_uc_ma","Texas"
