"","model1","model2","model3","cause","place"
"1",2896.7875315845,2898.68790188432,2890.25761950016,"ihd_uc_ma","New York"
