"","model1","model2","model3","cause","place"
"1",2718.51041439176,2685.97294396162,2666.68224447966,"kidney_mc_ma","Texas"
