"","model1","model2","model3","cause","place"
"1",4333.18501851105,4335.16993567164,4335.84435360524,"ihd_mc_ma","National"
