"","model1","model2","model3","cause","place"
"1",3030.1417181108,3023.32342758993,3018.07609000831,"ihd_mc_ma","Texas"
