"","model1","model2","model3","cause","place"
"1",2816.86205387115,2818.66534757614,2820.40802049637,"cancer_mc_ma","Texas"
