"","model1","model2","model3","cause","place"
"1",3025.46161252572,3026.33332536049,3015.08677986055,"ihd_mc_ma","New York"
